model,clip,composite,fvd,lpips,motion
cogvideox_base,0.5651700000000001,0.5686800000000001,0.55234,0.56852,0.57764
cogvideox_lora,0.6718712871287128,0.6637326732673268,0.6266039603960396,0.6531980198019802,0.6590891089108911
modelscope,0.45408000000000004,0.44822,0.44935,0.43585999999999997,0.45219000000000004
zeroscope,0.49972727272727274,0.4966464646464646,0.49553535353535355,0.4929090909090909,0.49437373737373735
